,CURRENCY,AMOUNT,STATE,CREATED_DATE,MERCHANT_CATEGORY,MERCHANT_COUNTRY,ENTRY_METHOD,USER_ID,TYPE,SOURCE,ID
51074,GBP,1000,COMPLETED,2016-11-06 22:01:46.006000,,,misc,c30e89bc-0b56-494e-9845-cf41f6b2c066,TOPUP,APOLLO,a475874a-edc0-415e-8e1a-e750308ce01f
51112,GBP,4700,FAILED,2016-11-06 16:36:41.989000,,,misc,d2d6f48a-c3bc-4d98-be4a-e822fcf5fd2d,TOPUP,APOLLO,41850764-8e2b-415a-bb92-1e633da140ad
54487,GBP,3000,COMPLETED,2016-11-07 16:56:20.458000,,,misc,06bb2d68-bf61-4030-8447-9de64d3ce490,TOPUP,APOLLO,838ae7b8-df51-4182-92c7-e2dbcb031bae
54649,GBP,1000,COMPLETED,2016-11-05 00:32:02.030000,,,misc,f9a71c4f-d616-40bd-a096-1fbe971b17c8,TOPUP,APOLLO,b4d8cde7-b24c-44fe-a0a4-9bb64a42099c
59454,GBP,2000,COMPLETED,2016-12-04 15:23:11.380000,,,misc,f9a71c4f-d616-40bd-a096-1fbe971b17c8,TOPUP,APOLLO,c82fd34d-77b7-4780-86c5-4dcbea139fe5
61379,GBP,10000,COMPLETED,2016-12-13 19:39:29.118000,,,misc,f9a71c4f-d616-40bd-a096-1fbe971b17c8,TOPUP,APOLLO,cf092c0f-f4a1-4166-8c15-c5085deacc0e
61485,GBP,2000,COMPLETED,2016-12-12 00:25:13.264000,,,misc,6b80d5bf-a537-4b39-aeb3-06c80f0284f5,TOPUP,APOLLO,9505cfaa-29cf-4224-a446-92dc4983b9e2
61630,GBP,1200,COMPLETED,2016-12-12 17:55:50.916000,,,misc,797209a2-02f1-4d86-ad39-4607f85ed00c,TOPUP,APOLLO,addf8380-18fd-4f4c-80c7-c471cd0d0f0e
61995,GBP,20000,COMPLETED,2016-12-09 17:10:16.383000,,,misc,829a096c-4c7a-4ee9-b7cb-47456c5661e9,TOPUP,APOLLO,2b418316-2bce-4f4e-a255-19121cf7e771
62455,GBP,1000,COMPLETED,2016-12-11 22:12:10.638000,,,misc,5d9049be-120f-4ed8-bca3-c6ab065b463f,TOPUP,APOLLO,1eeef5b0-8c0a-4261-bae4-3cc19ac62e81
63909,GBP,1000,COMPLETED,2016-12-16 16:51:21.438000,,,misc,797209a2-02f1-4d86-ad39-4607f85ed00c,TOPUP,APOLLO,11823075-bc6b-4594-859c-42a2f603bb12
63941,GBP,8000,COMPLETED,2016-12-16 18:58:11.041000,,,misc,f9a71c4f-d616-40bd-a096-1fbe971b17c8,TOPUP,APOLLO,bdfc2387-4424-41d6-8c41-e2eb9f8ccfe7
64650,GBP,10000,COMPLETED,2016-12-17 15:51:08.766000,,,misc,829a096c-4c7a-4ee9-b7cb-47456c5661e9,TOPUP,APOLLO,4a05c413-06f0-4258-8286-8e51ae3f40a9
64767,GBP,10000,COMPLETED,2016-12-15 11:03:45.121000,,,misc,f9a71c4f-d616-40bd-a096-1fbe971b17c8,TOPUP,APOLLO,dbee03a4-75ac-4836-9f6f-5bbbd92cd5ad
65117,GBP,11161,COMPLETED,2016-12-29 13:22:05.234000,,,misc,797209a2-02f1-4d86-ad39-4607f85ed00c,TOPUP,APOLLO,ed69ce75-2bb3-4e8c-9917-22f8c40bb884
65858,GBP,10000,COMPLETED,2016-12-27 23:12:47.630000,,,misc,829a096c-4c7a-4ee9-b7cb-47456c5661e9,TOPUP,APOLLO,204c6114-230c-4b63-b06b-fb6783768051
66735,GBP,10000,COMPLETED,2016-12-26 18:04:26.579000,,,misc,829a096c-4c7a-4ee9-b7cb-47456c5661e9,TOPUP,APOLLO,83fbf2cd-4496-415a-8847-25692b8472ac
68509,GBP,10000,FAILED,2016-12-30 19:18:31.435000,,,misc,fad08284-643f-4597-a253-d9a2dc5cfba3,TOPUP,APOLLO,05652b10-4a17-4e4f-8ae9-25fed0183b8e
68551,GBP,1000,COMPLETED,2017-01-01 05:46:04.088000,,,misc,797209a2-02f1-4d86-ad39-4607f85ed00c,TOPUP,APOLLO,4b225bc3-6b60-4e4d-bb18-8e1f79ab1892
68552,GBP,1400,COMPLETED,2017-01-01 05:42:08.644000,,,misc,797209a2-02f1-4d86-ad39-4607f85ed00c,TOPUP,APOLLO,6a171991-5f13-479f-b896-fa429a0866c9
68744,GBP,8968,COMPLETED,2017-01-01 20:31:33.618000,,,misc,797209a2-02f1-4d86-ad39-4607f85ed00c,TOPUP,APOLLO,f6e27b30-932c-4b9e-a0b4-c58466789c55
68921,GBP,20000,COMPLETED,2016-12-23 02:26:31.920000,,,misc,797209a2-02f1-4d86-ad39-4607f85ed00c,TOPUP,APOLLO,c277da69-769a-46be-a2a1-9092c478906b
69138,GBP,5000,COMPLETED,2017-01-13 03:02:38.178000,,,misc,f9a71c4f-d616-40bd-a096-1fbe971b17c8,TOPUP,APOLLO,123f9db9-5e89-444c-a420-e6753b63125e
69443,GBP,15000,COMPLETED,2017-01-15 14:46:19.004000,,,misc,829a096c-4c7a-4ee9-b7cb-47456c5661e9,TOPUP,APOLLO,c70b93be-022e-4437-b262-e28bff8a36dd
71406,GBP,1500,COMPLETED,2017-01-22 17:31:53.468000,,,misc,f9a71c4f-d616-40bd-a096-1fbe971b17c8,TOPUP,APOLLO,694c5016-e2c3-432c-8f3c-cdd936119186
75005,GBP,2000,COMPLETED,2017-02-07 12:12:25.075000,,,misc,98e72993-9809-4d5f-9c9c-b7a9fd56b811,TOPUP,APOLLO,e93a302b-54c7-4aca-aeb1-29c984f54780
76000,GBP,1000,COMPLETED,2017-02-02 15:35:45.607000,,,misc,98e72993-9809-4d5f-9c9c-b7a9fd56b811,TOPUP,APOLLO,c95e63bd-eadf-490e-8be8-b06e4e9cd102
78153,GBP,2000,COMPLETED,2017-02-04 11:10:30.615000,,,misc,98e72993-9809-4d5f-9c9c-b7a9fd56b811,TOPUP,APOLLO,2ee4efe8-4a30-4351-9938-ea3b5acde105
78657,GBP,1000,COMPLETED,2017-02-08 11:58:06.064000,,,misc,211d631f-eefe-4b74-9d35-e8b9053579e8,TOPUP,APOLLO,da684ece-58e5-433d-af49-a698da278337
79082,GBP,2300,COMPLETED,2017-02-17 20:05:24.794000,,,misc,5d9049be-120f-4ed8-bca3-c6ab065b463f,TOPUP,APOLLO,35aa4944-010e-4900-9853-a54acaf5944d
79598,GBP,1000,COMPLETED,2017-02-19 15:15:47.769000,,,misc,f5aa0f90-8476-49a4-9e54-ed98140292e0,TOPUP,APOLLO,68367abb-57a5-4629-9f51-c7c5a5485001
80184,GBP,1500,COMPLETED,2017-02-14 13:11:10.632000,,,misc,98e72993-9809-4d5f-9c9c-b7a9fd56b811,TOPUP,APOLLO,9434c38d-bd1e-4fff-ab9a-db57737ae5fe
80538,GBP,3000,COMPLETED,2017-02-15 23:51:53.790000,,,misc,211d631f-eefe-4b74-9d35-e8b9053579e8,TOPUP,APOLLO,efb41671-c5b4-463b-bbed-ed7fc64df69f
80865,GBP,17000,COMPLETED,2017-02-13 18:46:37.735000,,,misc,f9a71c4f-d616-40bd-a096-1fbe971b17c8,TOPUP,APOLLO,3449f10c-7a57-4050-835e-e33eb92c1dc6
81703,GBP,10000,COMPLETED,2017-02-22 15:49:05.764000,,,misc,829a096c-4c7a-4ee9-b7cb-47456c5661e9,TOPUP,APOLLO,a67fdcde-faa0-473e-9ebc-80276462465b
82534,GBP,3500,COMPLETED,2017-02-21 00:15:11.553000,,,misc,211d631f-eefe-4b74-9d35-e8b9053579e8,TOPUP,APOLLO,46b0233a-572e-48c7-a64a-f8d224520bbe
83131,GBP,1000,COMPLETED,2017-03-06 21:36:42.480000,,,misc,211d631f-eefe-4b74-9d35-e8b9053579e8,TOPUP,APOLLO,7613337c-d078-4dc4-980b-2fc9bf639927
83144,GBP,2500,COMPLETED,2017-03-06 16:22:40.839000,,,misc,211d631f-eefe-4b74-9d35-e8b9053579e8,TOPUP,APOLLO,2d0b78b4-f36c-4e4d-86d8-1ae3dd78b72c
83455,GBP,10000,COMPLETED,2017-03-02 15:00:38.308000,,,misc,211d631f-eefe-4b74-9d35-e8b9053579e8,TOPUP,APOLLO,573c936e-03fd-4839-a596-b0226aeed584
83561,GBP,20000,COMPLETED,2017-03-02 09:37:46.525000,,,misc,211d631f-eefe-4b74-9d35-e8b9053579e8,TOPUP,APOLLO,be51ae69-5cbf-4d31-b75a-acf14381e6eb
85535,GBP,1000,COMPLETED,2017-03-09 12:59:40.217000,,,misc,d6efb5a1-5bb2-4d90-a583-7d4243353baf,TOPUP,APOLLO,41d970a9-0eb9-4faa-8681-8e93cc0cacfa
85754,GBP,1000,COMPLETED,2017-03-09 22:40:43.628000,,,misc,d6efb5a1-5bb2-4d90-a583-7d4243353baf,TOPUP,APOLLO,77192eba-0020-4939-ba89-bed02c397c8f
85789,GBP,1000,COMPLETED,2017-03-05 00:53:59.440000,,,misc,211d631f-eefe-4b74-9d35-e8b9053579e8,TOPUP,APOLLO,d6cabff3-f2ab-4dd0-9f9a-11bd39ecd2a5
85880,GBP,2000,COMPLETED,2017-03-05 18:02:09.564000,,,misc,d6efb5a1-5bb2-4d90-a583-7d4243353baf,TOPUP,APOLLO,bfb91b2a-4275-44d3-989f-ae8b93ea7582
85892,GBP,4200,COMPLETED,2017-03-05 17:36:17.753000,,,misc,211d631f-eefe-4b74-9d35-e8b9053579e8,TOPUP,APOLLO,0daaa1ca-0f5c-4303-85c7-acf927dd8935
85893,GBP,1000,COMPLETED,2017-03-05 17:29:35.045000,,,misc,211d631f-eefe-4b74-9d35-e8b9053579e8,TOPUP,APOLLO,25ac20c4-76a5-4bfe-b4cf-f1220a3b0d31
86543,GBP,10000,COMPLETED,2017-03-03 12:13:17.721000,,,misc,211d631f-eefe-4b74-9d35-e8b9053579e8,TOPUP,APOLLO,3fe1920c-6645-48ad-a48b-3a3a9fb33a55
87254,GBP,20000,COMPLETED,2017-03-15 20:33:04.053000,,,misc,f5aa0f90-8476-49a4-9e54-ed98140292e0,TOPUP,APOLLO,25781def-e0f9-4603-af11-8319f475d250
87505,GBP,30000,COMPLETED,2017-03-14 22:31:14.470000,,,misc,f5aa0f90-8476-49a4-9e54-ed98140292e0,TOPUP,APOLLO,8633083d-01e9-432c-bbdb-1d45c57db80b
88858,GBP,10000,COMPLETED,2017-03-04 17:05:09.777000,,,misc,211d631f-eefe-4b74-9d35-e8b9053579e8,TOPUP,APOLLO,c4960d85-4ab0-4aad-9d44-0e40027e019a
97620,GBP,3000,COMPLETED,2017-04-12 19:58:31.139000,,,misc,41dddcc3-bea2-4a3c-9d99-3a04306fe569,TOPUP,APOLLO,4d4037fa-5858-4846-8ca4-5abafe216472
98247,GBP,20000,COMPLETED,2017-04-10 20:19:46.772000,,,misc,829a096c-4c7a-4ee9-b7cb-47456c5661e9,TOPUP,APOLLO,324e2e2f-c2e7-4e56-87cb-3ae257cda450
98287,GBP,20000,COMPLETED,2017-04-10 21:17:51.288000,,,misc,829a096c-4c7a-4ee9-b7cb-47456c5661e9,TOPUP,APOLLO,4346c01f-6e87-459c-a3d1-b1615292050d
100407,GBP,10000,FAILED,2017-04-18 13:21:00.444000,,,misc,d256a5f4-94b3-4159-a34a-861411ab7f90,TOPUP,APOLLO,4d8a3009-4f75-447e-b7b7-ac24b02a4ba7
104617,GBP,1000,COMPLETED,2017-04-23 11:24:04.963000,,,misc,f9a71c4f-d616-40bd-a096-1fbe971b17c8,TOPUP,APOLLO,30828fed-40e5-4902-a2bf-c96290723a9b
106238,GBP,2500,COMPLETED,2017-05-01 21:00:34.878000,,,misc,f9a71c4f-d616-40bd-a096-1fbe971b17c8,TOPUP,APOLLO,dbd06ab8-02ec-4e9c-9c54-71ed332164e3
106520,GBP,1000,COMPLETED,2017-04-30 17:47:58.757000,,,misc,c598fed6-8185-4f61-aac4-f3d55a191b6e,TOPUP,APOLLO,49c0275e-f32f-4a91-8d7b-43118bacdc68
106529,GBP,6500,COMPLETED,2017-04-30 17:23:26.623000,,,misc,f9a71c4f-d616-40bd-a096-1fbe971b17c8,TOPUP,APOLLO,8f568cc0-f688-4979-85bd-d5adf052526b
107299,GBP,1000,COMPLETED,2017-05-07 22:15:31.356000,,,misc,5d9049be-120f-4ed8-bca3-c6ab065b463f,TOPUP,APOLLO,4bb1207d-7884-4ef1-80f6-2cc0768491db
107335,GBP,1000,COMPLETED,2017-04-28 13:01:57.565000,,,misc,c598fed6-8185-4f61-aac4-f3d55a191b6e,TOPUP,APOLLO,8c0b52e0-6873-4eb0-b246-d103398b583d
108093,GBP,20000,COMPLETED,2017-04-27 17:36:46.897000,,,misc,41dddcc3-bea2-4a3c-9d99-3a04306fe569,TOPUP,APOLLO,4275a29d-8fac-4f5d-a66e-f3e5bcc6d7c9
109108,GBP,2000,COMPLETED,2017-05-11 17:24:09.791000,,,misc,c598fed6-8185-4f61-aac4-f3d55a191b6e,TOPUP,APOLLO,ee10d411-3265-458a-a13b-e7342240aa36
110227,GBP,1000,COMPLETED,2017-05-05 14:47:43.385000,,,misc,c598fed6-8185-4f61-aac4-f3d55a191b6e,TOPUP,APOLLO,b390e73f-d86f-4ab2-8179-2f0cd9812b8d
110263,GBP,40000,COMPLETED,2017-05-05 16:53:09.641000,,,misc,94b4c974-ec8d-4603-9f9e-5fea1519fcb6,TOPUP,APOLLO,4e1b4a36-422a-436b-b055-8f45929f2cec
110294,GBP,2000,COMPLETED,2017-05-05 17:57:35.678000,,,misc,c598fed6-8185-4f61-aac4-f3d55a191b6e,TOPUP,APOLLO,bd43f67f-e0a3-470f-890d-46f49d002e56
111094,GBP,10000,COMPLETED,2017-05-13 04:48:18.856000,,,misc,6b80d5bf-a537-4b39-aeb3-06c80f0284f5,TOPUP,APOLLO,5d7940ae-fdd8-47c6-ba4e-e12d6449d6d8
112365,GBP,1000,COMPLETED,2017-05-21 20:39:00.897000,,,misc,eeb9af4a-b0df-4949-b52f-7a8f4bcf42d1,TOPUP,APOLLO,4f9b6b17-b5ec-4f1a-9e04-d043999506b1
112618,GBP,1000,COMPLETED,2017-05-20 13:49:46.412000,,,misc,94b4c974-ec8d-4603-9f9e-5fea1519fcb6,TOPUP,APOLLO,72550d8d-d13f-4245-bb84-b8feaeda67e4
112723,GBP,10000,COMPLETED,2017-05-20 17:44:48.471000,,,misc,829a096c-4c7a-4ee9-b7cb-47456c5661e9,TOPUP,APOLLO,60b232f0-3382-44ed-8fe6-cabac3a522ff
113113,GBP,1500,COMPLETED,2017-05-19 18:28:04.388000,,,misc,c598fed6-8185-4f61-aac4-f3d55a191b6e,TOPUP,APOLLO,bf0ed373-52a2-4f68-87b1-904c574c123d
113143,GBP,1000,COMPLETED,2017-05-19 20:44:36.734000,,,misc,c598fed6-8185-4f61-aac4-f3d55a191b6e,TOPUP,APOLLO,e65a37a8-aa63-4cef-bf88-c5c39e313771
115000,GBP,20000,COMPLETED,2017-05-25 23:12:49.819000,,,misc,94b4c974-ec8d-4603-9f9e-5fea1519fcb6,TOPUP,APOLLO,a32be244-f1fc-475a-bf0b-26d7e42024c5
116885,GBP,2500,COMPLETED,2017-05-30 16:45:10.904000,,,misc,1fa3a5fe-e607-41ad-b524-bf8d040889d7,TOPUP,APOLLO,3547b62d-f741-49b7-bbb6-0ced8cc5c679
117010,GBP,20000,COMPLETED,2017-05-30 21:28:10.517000,,,misc,829a096c-4c7a-4ee9-b7cb-47456c5661e9,TOPUP,APOLLO,fe79acb1-385a-4cf9-ae08-c4d012945811
117539,GBP,10000,COMPLETED,2017-05-28 01:32:29.910000,,,misc,94b4c974-ec8d-4603-9f9e-5fea1519fcb6,TOPUP,APOLLO,ba315413-5b49-482e-bf00-9732b4959392
118112,GBP,1000,FAILED,2017-06-01 19:58:05.708000,,,misc,c598fed6-8185-4f61-aac4-f3d55a191b6e,TOPUP,APOLLO,5f12870f-77a7-43b4-85e2-3e89f159a60f
118113,GBP,1000,FAILED,2017-06-01 19:57:22.135000,,,misc,c598fed6-8185-4f61-aac4-f3d55a191b6e,TOPUP,APOLLO,614cc310-9c15-4404-95d0-ab6998962256
118702,GBP,2000,COMPLETED,2017-06-06 08:23:33.786000,,,misc,337f51d3-2cfc-49a6-83a6-58db965bd92f,TOPUP,APOLLO,70c7a575-813f-475c-90d7-aec0022af0f4
120205,GBP,10000,COMPLETED,2017-06-07 08:52:12.876000,,,misc,829a096c-4c7a-4ee9-b7cb-47456c5661e9,TOPUP,APOLLO,5575f842-0959-4f55-b1cf-85379f714198
120834,GBP,40000,COMPLETED,2017-06-02 13:01:17.222000,,,misc,829a096c-4c7a-4ee9-b7cb-47456c5661e9,TOPUP,APOLLO,be7c3f73-daad-418e-8f3f-07369da98953
121168,GBP,20000,COMPLETED,2017-06-03 05:50:06.992000,,,misc,94b4c974-ec8d-4603-9f9e-5fea1519fcb6,TOPUP,APOLLO,2506ade8-4217-48a9-b443-5978ff4375f2
123574,GBP,30000,COMPLETED,2017-05-31 00:36:21.824000,,,misc,94b4c974-ec8d-4603-9f9e-5fea1519fcb6,TOPUP,APOLLO,a7431256-1bac-46d7-98e8-202f38223741
124475,GBP,10000,COMPLETED,2017-06-12 17:22:58.591000,,,misc,21254d12-2f6f-47b9-926a-934990e29673,TOPUP,APOLLO,5ee3599a-516d-43ce-a38e-e8aab3deb043
127830,GBP,10000,COMPLETED,2017-06-15 18:08:11.395000,,,misc,829a096c-4c7a-4ee9-b7cb-47456c5661e9,TOPUP,APOLLO,a73f24d8-737c-4b09-bb8e-141b44ef7ba6
129439,GBP,10000,COMPLETED,2017-06-17 20:34:01.190000,,,misc,41dddcc3-bea2-4a3c-9d99-3a04306fe569,TOPUP,APOLLO,86e6b74f-951f-43c9-bcc5-8a62caf9cb8a
129839,GBP,10000,COMPLETED,2017-06-21 21:46:13.437000,,,misc,829a096c-4c7a-4ee9-b7cb-47456c5661e9,TOPUP,APOLLO,1f082565-4eef-4d0c-9d33-06d48582a4fd
131777,GBP,10000,COMPLETED,2017-06-22 16:17:46.087000,,,misc,829a096c-4c7a-4ee9-b7cb-47456c5661e9,TOPUP,APOLLO,ffeff417-c3d6-4796-a001-afa578720b56
134148,GBP,20000,COMPLETED,2017-07-03 16:10:46.640000,,,misc,829a096c-4c7a-4ee9-b7cb-47456c5661e9,TOPUP,APOLLO,03bb9331-546d-4768-a80c-2e48c17b6447
137254,EUR,27500,FAILED,2017-07-04 11:54:45.509000,,,misc,fb7636e4-e108-495e-b351-8ef153596d49,TOPUP,APOLLO,04c3553b-ec20-4040-8e98-bac29e23a216
137275,EUR,27500,COMPLETED,2017-07-04 11:58:01.985000,,,misc,fb7636e4-e108-495e-b351-8ef153596d49,TOPUP,APOLLO,08750929-2b71-42d4-a492-5155b0a63219
140794,GBP,5500,COMPLETED,2017-07-13 18:59:21.793000,,,misc,fb7636e4-e108-495e-b351-8ef153596d49,TOPUP,APOLLO,4c6f8a19-dcc1-4f22-96ce-7cdd56ca9b16
141345,GBP,10000,COMPLETED,2017-07-16 18:51:38.197000,,,misc,94b4c974-ec8d-4603-9f9e-5fea1519fcb6,TOPUP,APOLLO,d903dc09-0315-44d3-adcf-3dc58e0aa237
142232,GBP,11400,FAILED,2017-07-11 12:05:21.596000,,,misc,1de7d7c8-7611-47bb-88c9-e74a1f75805b,TOPUP,APOLLO,d0b3032c-7429-4b51-a624-885ab0e237a0
146037,GBP,50000,COMPLETED,2017-07-23 19:18:38.521000,,,misc,829a096c-4c7a-4ee9-b7cb-47456c5661e9,TOPUP,APOLLO,fb90026b-08ae-4642-9bd4-c1a930ebfe5f
147866,GBP,15000,COMPLETED,2017-07-27 08:52:05.695000,,,misc,fb7636e4-e108-495e-b351-8ef153596d49,TOPUP,APOLLO,7414e359-34a2-4e3e-971f-c72503df2ab6
148166,GBP,5400,COMPLETED,2017-07-27 17:02:57.354000,,,misc,9acb4057-fa56-4fb6-b11c-a083497f8192,TOPUP,APOLLO,daedb2c1-43c5-4739-96b3-f78ffc69f998
148284,GBP,4000,COMPLETED,2017-07-27 20:46:21.854000,,,misc,9acb4057-fa56-4fb6-b11c-a083497f8192,TOPUP,APOLLO,1149edc8-3a3a-4b7a-bc52-0ebe7aa222b8
151318,GBP,10000,COMPLETED,2017-07-28 12:50:18.059000,,,misc,829a096c-4c7a-4ee9-b7cb-47456c5661e9,TOPUP,APOLLO,f1a857f5-c69e-4691-9356-745e287f9adb
152389,GBP,5000,COMPLETED,2017-08-02 07:17:13.273000,,,misc,9acb4057-fa56-4fb6-b11c-a083497f8192,TOPUP,APOLLO,4c5f464c-8377-441b-9857-83044146bc37
152544,GBP,5000,FAILED,2017-07-30 01:18:54.995000,,,misc,9acb4057-fa56-4fb6-b11c-a083497f8192,TOPUP,APOLLO,e1a3d6bd-aa3f-4e6b-a8a7-527bc8876b5c
152905,EUR,3900,COMPLETED,2017-08-02 17:29:54.250000,,,misc,427ae52f-af71-46be-b9aa-d505783c9693,TOPUP,APOLLO,127e2d26-5d4c-4c30-af77-7b262cc12b5f
152972,EUR,1000,COMPLETED,2017-08-02 22:12:54.767000,,,misc,427ae52f-af71-46be-b9aa-d505783c9693,TOPUP,APOLLO,5e1ab7e2-24fa-45c0-bef3-9cbf27469972
153072,GBP,5000,COMPLETED,2017-07-30 08:48:18.049000,,,misc,9acb4057-fa56-4fb6-b11c-a083497f8192,TOPUP,APOLLO,a683044c-c0a7-48f0-954f-64c5d2cd24f4
153364,GBP,1000,COMPLETED,2017-07-30 21:15:56.153000,,,misc,9acb4057-fa56-4fb6-b11c-a083497f8192,TOPUP,APOLLO,1ba9e138-0d3b-4a2b-87ea-2e3302342ec7
154732,GBP,10000,COMPLETED,2017-08-01 08:14:52.021000,,,misc,829a096c-4c7a-4ee9-b7cb-47456c5661e9,TOPUP,APOLLO,f9701c9d-42fb-4ec8-a53b-383a9c3a875b
155088,GBP,13800,FAILED,2017-08-01 00:03:46.304000,,,misc,9acb4057-fa56-4fb6-b11c-a083497f8192,TOPUP,APOLLO,66742cad-97c1-40cf-a9b3-5975dea3d6e4
155089,GBP,13800,COMPLETED,2017-08-01 00:03:34.370000,,,misc,9acb4057-fa56-4fb6-b11c-a083497f8192,TOPUP,APOLLO,598f6af8-cd7a-4bec-893a-a8f52a9a3490
155098,GBP,8000,COMPLETED,2017-08-01 00:29:53.449000,,,misc,9acb4057-fa56-4fb6-b11c-a083497f8192,TOPUP,APOLLO,5c2800d6-0aa1-4a09-98dc-d8c44f38daa3
156895,GBP,1000,COMPLETED,2017-07-31 18:23:25.904000,,,misc,9acb4057-fa56-4fb6-b11c-a083497f8192,TOPUP,APOLLO,954421dd-5fa7-4c94-9cb2-3394fac54296
158789,GBP,1000,COMPLETED,2017-08-15 14:37:56.886000,,,misc,6c8e8694-f6d4-45a5-844b-99d0fe1ee58f,TOPUP,APOLLO,dacb1e59-2b96-4ced-9470-0b97c543c9af
160274,GBP,11000,COMPLETED,2017-08-08 21:58:22.365000,,,misc,fb7636e4-e108-495e-b351-8ef153596d49,TOPUP,APOLLO,b9c0f9e3-0fce-476f-b324-7cf76e9eba44
161532,GBP,2000,COMPLETED,2017-08-17 22:33:20.388000,,,misc,133dc0db-2d52-4a2d-b656-4861c0402460,TOPUP,APOLLO,40ca55ae-82ef-445d-a214-c75a7b14cdd1
162886,EUR,1000,COMPLETED,2017-08-12 09:57:28.497000,,,misc,427ae52f-af71-46be-b9aa-d505783c9693,TOPUP,APOLLO,730286d8-9eb4-480b-8005-442ea5812663
163614,GBP,20000,COMPLETED,2017-08-22 09:09:50.430000,,,misc,829a096c-4c7a-4ee9-b7cb-47456c5661e9,TOPUP,APOLLO,e91435c0-1c6e-4af9-aa44-4f7dbfeba5bc
164011,GBP,15000,COMPLETED,2017-08-22 17:55:47.734000,,,misc,94b4c974-ec8d-4603-9f9e-5fea1519fcb6,TOPUP,APOLLO,face69d8-5ada-4f2d-970c-2e89a5458ad4
164813,GBP,4000,COMPLETED,2017-08-17 02:30:18.252000,,,misc,133dc0db-2d52-4a2d-b656-4861c0402460,TOPUP,APOLLO,595dfdf8-eb9a-40f8-a62c-b0b13d5e4605
166713,GBP,10000,COMPLETED,2017-08-18 07:05:44.521000,,,misc,074c113e-a776-4542-9813-ebc9f7d94701,TOPUP,APOLLO,af052151-2da1-4369-8184-c7db20624292
166728,GBP,20000,COMPLETED,2017-08-18 06:31:05.186000,,,misc,94b4c974-ec8d-4603-9f9e-5fea1519fcb6,TOPUP,APOLLO,d8b9d747-0c89-4657-b23a-304e2649ed48
167099,GBP,15000,COMPLETED,2017-08-18 19:11:08.127000,,,misc,074c113e-a776-4542-9813-ebc9f7d94701,TOPUP,APOLLO,475fd99b-0fb4-4366-8941-692e1edae15d
168196,GBP,20000,COMPLETED,2017-08-31 20:10:21.377000,,,misc,829a096c-4c7a-4ee9-b7cb-47456c5661e9,TOPUP,APOLLO,6e7341fa-59c4-4ca6-921b-4e553a51a3e2
168211,GBP,11000,COMPLETED,2017-08-31 20:47:34.950000,,,misc,074c113e-a776-4542-9813-ebc9f7d94701,TOPUP,APOLLO,5e2923a6-637a-4000-bb43-401b43336421
168704,GBP,10000,COMPLETED,2017-08-16 15:27:24.321000,,,misc,074c113e-a776-4542-9813-ebc9f7d94701,TOPUP,APOLLO,1fa64cbe-7caa-41bb-a825-3e95606f35ad
169822,GBP,1000,COMPLETED,2017-08-29 23:18:35.344000,,,misc,685af64f-f905-4b67-84d4-80ace088a625,TOPUP,APOLLO,110b897d-aae8-47f3-af24-0ab0d527578c
170419,GBP,50000,COMPLETED,2017-08-24 17:46:17.644000,,,misc,f5aa0f90-8476-49a4-9e54-ed98140292e0,TOPUP,APOLLO,628b5549-5b95-4e4d-b27f-ecd3bf52799f
174576,EUR,15000,COMPLETED,2017-08-27 06:51:22.137000,,,misc,427ae52f-af71-46be-b9aa-d505783c9693,TOPUP,APOLLO,bd946cb1-d064-44e2-8fe8-7b0f67d7578c
175288,GBP,5000,COMPLETED,2017-08-28 19:41:23.192000,,,misc,d256a5f4-94b3-4159-a34a-861411ab7f90,TOPUP,APOLLO,9308632f-7e64-4266-bf48-5803578d9075
180745,GBP,10000,COMPLETED,2017-09-07 18:01:18.749000,,,misc,d256a5f4-94b3-4159-a34a-861411ab7f90,TOPUP,APOLLO,68c13585-65af-45da-b25f-45176c90718b
181118,GBP,10000,COMPLETED,2017-09-17 21:32:22.248000,,,misc,bdc568e7-a81c-4a64-a8c2-e89c104272a5,TOPUP,APOLLO,0f1c6e1f-03f5-41ed-9bbd-ae1494baa031
181119,GBP,10000,FAILED,2017-09-17 21:31:27.451000,,,misc,bdc568e7-a81c-4a64-a8c2-e89c104272a5,TOPUP,APOLLO,d6afbb87-77cb-4235-8bdb-3397cf81edfb
181564,GBP,1000,FAILED,2017-09-11 13:58:01.720000,,,misc,033d9bd6-6d64-4bfb-95cd-4136d2fd6d66,TOPUP,APOLLO,44c0a5f1-dea9-48cd-9ea3-04b2e929c886
182808,GBP,20000,COMPLETED,2017-09-10 10:16:40.367000,,,misc,41dddcc3-bea2-4a3c-9d99-3a04306fe569,TOPUP,APOLLO,2673ee85-498b-4d76-8cca-6af981ea4666
183053,GBP,3000,COMPLETED,2017-09-12 09:08:38.927000,,,misc,513f1c5a-d7b1-4ada-8b07-0c8a1c53d6af,TOPUP,APOLLO,d109cbd8-3a11-469f-a284-1441b58e2ec6
183359,GBP,3000,COMPLETED,2017-09-12 15:25:01.244000,,,misc,d256a5f4-94b3-4159-a34a-861411ab7f90,TOPUP,APOLLO,7f807585-f658-4d5a-8c2e-98f9b756514c
185231,GBP,30000,COMPLETED,2017-09-18 02:09:33.260000,,,misc,f5aa0f90-8476-49a4-9e54-ed98140292e0,TOPUP,APOLLO,bd1530ca-52d9-485f-98c8-f6abb871854a
187142,GBP,20000,COMPLETED,2017-09-19 11:48:56.685000,,,misc,829a096c-4c7a-4ee9-b7cb-47456c5661e9,TOPUP,APOLLO,582d8aef-c614-47ce-b61e-7ca33ef7e421
187375,GBP,1651,COMPLETED,2017-09-19 17:53:36.906000,,,misc,eeb9af4a-b0df-4949-b52f-7a8f4bcf42d1,TOPUP,APOLLO,611cf3af-64bc-4ffe-b14d-024ba2a3864b
187448,EUR,2000,COMPLETED,2017-09-19 19:05:35.984000,,,misc,21de259f-d1fe-4957-a7db-44f514c317b8,TOPUP,APOLLO,fa648bd4-549b-4a4e-aa5b-1219c7949665
190682,GBP,2000,COMPLETED,2017-09-24 19:18:54.595000,,,misc,c598fed6-8185-4f61-aac4-f3d55a191b6e,TOPUP,APOLLO,cfed3957-986a-4c19-97d9-44907a762e27
191051,GBP,1000,COMPLETED,2017-09-22 07:45:33.221000,,,misc,39fd76a1-f8b9-4a5b-a73d-4cafedee28a5,TOPUP,APOLLO,788b5fa9-0d6e-471d-a9ed-73cc7e8e85b1
192586,GBP,10000,COMPLETED,2017-09-23 05:12:30.291000,,,misc,41dddcc3-bea2-4a3c-9d99-3a04306fe569,TOPUP,APOLLO,3f8e4dd3-4299-4e58-8eae-660635798201
196717,GBP,10000,COMPLETED,2017-10-05 23:20:17.165000,,,misc,6b80d5bf-a537-4b39-aeb3-06c80f0284f5,TOPUP,APOLLO,5313f33c-ed49-48b2-a44c-6fe6746d9d5f
199254,GBP,20000,COMPLETED,2017-09-28 20:25:22.783000,,,misc,5365b01e-a5ef-4713-9819-8f8f0cf4bdf8,TOPUP,APOLLO,13f1b4dc-27a2-4dd9-98b4-b367b51f979c
202282,GBP,10000,COMPLETED,2017-10-06 16:56:53.508000,,,misc,6b80d5bf-a537-4b39-aeb3-06c80f0284f5,TOPUP,APOLLO,446afd94-346c-4451-b999-e1e6f46859a2
202409,EUR,5000,COMPLETED,2017-10-06 19:50:57.624000,,,misc,97508f7f-191c-4937-a546-cbc36f506a0d,TOPUP,APOLLO,80780da6-332d-4056-8feb-0c88c8c5ed0d
204489,GBP,1000,COMPLETED,2017-10-07 19:09:57.641000,,,misc,b2b40cd8-3f49-4ca5-803d-73f23cc4be4a,TOPUP,APOLLO,faeff2ff-799b-4cc0-b300-fe51cf649aaf
208036,GBP,2000,FAILED,2017-10-16 13:41:35.751000,,,misc,36277829-9dce-44d9-9b96-630078c3c763,TOPUP,APOLLO,c5f0e818-0138-4b6c-83ed-e67dfa1aa856
208038,GBP,2000,FAILED,2017-10-16 13:40:36.332000,,,misc,36277829-9dce-44d9-9b96-630078c3c763,TOPUP,APOLLO,7a170314-ef7f-4d89-8fb9-90c122ba0bf1
208645,GBP,1000,COMPLETED,2017-10-19 20:06:46.889000,,,misc,ec96e2da-e340-468f-952b-6feb5c5bcf56,TOPUP,APOLLO,0cd364fb-76c2-4fa1-b1ad-b89a43729d9e
208740,GBP,1500,COMPLETED,2017-10-19 22:54:39.747000,,,misc,5d9049be-120f-4ed8-bca3-c6ab065b463f,TOPUP,APOLLO,13d97ef0-0bcd-4b76-b23f-269946b23535
209036,PLN,5000,COMPLETED,2017-10-18 12:37:53.319000,,,misc,4d79a283-66b7-4cb2-b5fa-1df3f3b01be5,TOPUP,APOLLO,fef00c29-4e95-47ea-a10d-58af59499b2f
209095,PLN,37000,COMPLETED,2017-10-18 13:50:18.088000,,,misc,4d79a283-66b7-4cb2-b5fa-1df3f3b01be5,TOPUP,APOLLO,f22021a3-3cdf-472f-a8bb-9fb0d50c6bcd
209096,PLN,36100,FAILED,2017-10-18 13:47:18.645000,,,misc,4d79a283-66b7-4cb2-b5fa-1df3f3b01be5,TOPUP,APOLLO,b6d586e9-79fb-4ed9-b67f-9ad608993a05
212657,EUR,30000,COMPLETED,2017-10-26 21:42:40.630000,,,misc,21de259f-d1fe-4957-a7db-44f514c317b8,TOPUP,APOLLO,40e3f726-9084-491a-9e7a-bfe2ad85e44b
213371,GBP,25000,FAILED,2017-10-24 18:23:10.246000,,,misc,074c113e-a776-4542-9813-ebc9f7d94701,TOPUP,APOLLO,54d4487d-c6bd-438c-bcfd-ee1406e9679a
213374,GBP,25000,FAILED,2017-10-24 18:22:09.384000,,,misc,074c113e-a776-4542-9813-ebc9f7d94701,TOPUP,APOLLO,4d02ebab-6bbf-4df8-8d41-af2e87d22661
213375,GBP,40000,FAILED,2017-10-24 18:21:13.875000,,,misc,074c113e-a776-4542-9813-ebc9f7d94701,TOPUP,APOLLO,1e38be5a-4331-419a-b3e2-217e525cde44
215656,GBP,1000,FAILED,2017-10-21 17:51:31.805000,,,misc,d4a76634-eb1b-4336-b3b4-d9f9c6795648,TOPUP,APOLLO,e5222019-c17f-4472-aba3-66021a98ad94
215732,GBP,1000,FAILED,2017-10-21 18:48:21.020000,,,misc,d4a76634-eb1b-4336-b3b4-d9f9c6795648,TOPUP,APOLLO,f59036a5-36a4-48b1-8038-0605356a62cf
215973,GBP,3100,COMPLETED,2017-10-26 07:07:30.010000,,,misc,1430a3e0-74c2-480a-9595-aa549a45406b,TOPUP,APOLLO,0853b411-4e43-4952-994d-fa240bf9c6cc
216248,PLN,15000,COMPLETED,2017-10-26 12:55:30.939000,,,misc,4d79a283-66b7-4cb2-b5fa-1df3f3b01be5,TOPUP,APOLLO,41e3685f-3322-475d-ab56-e6022033dbd8
216650,GBP,1000,COMPLETED,2017-10-28 09:56:16.385000,,,misc,8f4ec77a-01ac-42b2-b432-b35f1cb041ae,TOPUP,APOLLO,3450ddcd-2a7c-420c-a0ac-2c80e6409a36
216885,PLN,7100,COMPLETED,2017-10-28 15:19:46.072000,,,misc,4d79a283-66b7-4cb2-b5fa-1df3f3b01be5,TOPUP,APOLLO,7d3d08c1-a89d-4e77-95b1-4ef657e3d5fc
218049,PLN,5000,COMPLETED,2017-10-27 19:43:48.708000,,,misc,d156f620-1851-4bce-a14a-d3d66ea47328,TOPUP,APOLLO,ecfe80d6-1c32-4820-be36-032489112d81
218884,GBP,4000,FAILED,2017-11-01 09:31:59.384000,,,misc,b2b40cd8-3f49-4ca5-803d-73f23cc4be4a,TOPUP,APOLLO,0312dc59-bed1-40d4-886d-2a1ece4d9707
218898,GBP,4000,FAILED,2017-11-01 09:45:15.864000,,,misc,b2b40cd8-3f49-4ca5-803d-73f23cc4be4a,TOPUP,APOLLO,76d49cf5-4689-4732-a77d-d8e2d7ad660f
219687,GBP,10100,COMPLETED,2017-10-31 07:16:52.273000,,,misc,829a096c-4c7a-4ee9-b7cb-47456c5661e9,TOPUP,APOLLO,0576cea2-205b-4d74-b8d7-6b0d412fbb9e
220055,GBP,5000,COMPLETED,2017-10-31 14:47:50.157000,,,misc,8f4ec77a-01ac-42b2-b432-b35f1cb041ae,TOPUP,APOLLO,4d1a20c3-8d05-4eeb-b39d-711813c80a01
220297,GBP,4000,FAILED,2017-10-31 20:06:52.316000,,,misc,b2b40cd8-3f49-4ca5-803d-73f23cc4be4a,TOPUP,APOLLO,dcbf0990-64f4-4c3a-8db1-1be8648e7929
220528,GBP,1000,COMPLETED,2017-10-30 12:37:27.595000,,,misc,8f4ec77a-01ac-42b2-b432-b35f1cb041ae,TOPUP,APOLLO,2b574b43-3aa9-4cb9-b48a-5c02b87e7b53
220974,GBP,4000,COMPLETED,2017-10-30 20:19:21.957000,,,misc,8f4ec77a-01ac-42b2-b432-b35f1cb041ae,TOPUP,APOLLO,c9938e71-3cd3-43c4-8f94-c48bd6ea81b3
221011,GBP,2000,COMPLETED,2017-10-30 20:59:08.667000,,,misc,8f4ec77a-01ac-42b2-b432-b35f1cb041ae,TOPUP,APOLLO,97bb7249-d874-4dcf-a503-7cd404a7a289
222348,GBP,4000,COMPLETED,2017-11-02 16:35:02.117000,,,misc,8f4ec77a-01ac-42b2-b432-b35f1cb041ae,TOPUP,APOLLO,02497144-c3ba-4c0b-9116-3b24a3384a57
222655,GBP,5210,FAILED,2017-11-04 03:54:44.990000,,,misc,1de7d7c8-7611-47bb-88c9-e74a1f75805b,TOPUP,APOLLO,946ff241-27cd-4293-970d-b319afeca7e3
222657,GBP,30210,FAILED,2017-11-04 03:46:24.158000,,,misc,1de7d7c8-7611-47bb-88c9-e74a1f75805b,TOPUP,APOLLO,78d3435e-2b75-46f9-aaeb-85d1f852d11d
223589,GBP,20000,FAILED,2017-11-05 02:14:17.565000,,,misc,074c113e-a776-4542-9813-ebc9f7d94701,TOPUP,APOLLO,0ab34e80-9fa4-4d4e-93b3-b5f0e74792db
223593,GBP,25000,FAILED,2017-11-05 02:06:26.962000,,,misc,074c113e-a776-4542-9813-ebc9f7d94701,TOPUP,APOLLO,e4db9a83-1eaf-4aaa-aaa7-e96306667ba7
224266,GBP,10000,FAILED,2017-10-30 06:54:16.284000,,,misc,074c113e-a776-4542-9813-ebc9f7d94701,TOPUP,APOLLO,d33e23c6-6a0c-44c8-bfd6-07df6e4bd194
224930,EUR,3000,COMPLETED,2017-11-03 08:42:28.406000,,,misc,21de259f-d1fe-4957-a7db-44f514c317b8,TOPUP,APOLLO,a4e31887-b5f9-4241-941e-ba742c6c659e
224949,EUR,2000,COMPLETED,2017-11-03 08:57:48.277000,,,misc,21de259f-d1fe-4957-a7db-44f514c317b8,TOPUP,APOLLO,bdb2ddbb-9856-49df-bb98-401381be5279
227729,GBP,4000,COMPLETED,2017-11-08 16:14:55.684000,,,misc,8f4ec77a-01ac-42b2-b432-b35f1cb041ae,TOPUP,APOLLO,5295a444-2d5b-4d13-9af1-1603923126a8
228689,GBP,5000,COMPLETED,2017-11-12 00:39:42.998000,,,misc,6b80d5bf-a537-4b39-aeb3-06c80f0284f5,TOPUP,APOLLO,1fe27a0b-9bd7-491c-ae71-79a02965d1e2
228898,GBP,1000,COMPLETED,2017-11-12 11:28:55.499000,,,misc,f6182ba6-f28b-4757-b3e6-1ae87d84f146,TOPUP,APOLLO,672714b2-36f1-4aeb-987b-8847e379b315
229654,GBP,20000,COMPLETED,2017-11-10 11:26:48.859000,,,misc,6b80d5bf-a537-4b39-aeb3-06c80f0284f5,TOPUP,APOLLO,5c1a8a56-aefa-47e9-8410-1e6158c142c3
230654,GBP,2000,FAILED,2017-11-14 10:34:01.567000,,,misc,f3dd106e-3d1d-445c-a5d6-8d9dedaa0a84,TOPUP,APOLLO,5bb233e6-56b6-4764-a4f4-49de87ea226a
231078,GBP,7000,COMPLETED,2017-11-14 19:16:58.075000,,,misc,8f4ec77a-01ac-42b2-b432-b35f1cb041ae,TOPUP,APOLLO,a020ef02-45ed-4c7a-980f-ab736f071306
231901,GBP,2500,COMPLETED,2017-11-16 23:03:56.888000,,,misc,f6182ba6-f28b-4757-b3e6-1ae87d84f146,TOPUP,APOLLO,83bc83de-0465-46c0-906d-fb87b4902db8
233705,GBP,10000,COMPLETED,2017-11-11 09:46:07.943000,,,misc,41dddcc3-bea2-4a3c-9d99-3a04306fe569,TOPUP,APOLLO,944fdb00-c5ce-405e-a742-0c2aabdc1273
233882,GBP,10000,COMPLETED,2017-11-11 13:14:39.786000,,,misc,8f4ec77a-01ac-42b2-b432-b35f1cb041ae,TOPUP,APOLLO,e239206a-bb08-4e10-883b-26110be4141c
234789,GBP,3000,COMPLETED,2017-11-18 16:24:20.361000,,,misc,f6182ba6-f28b-4757-b3e6-1ae87d84f146,TOPUP,APOLLO,af56112c-1d24-4758-8e1b-9643631fdcbf
234907,GBP,2000,COMPLETED,2017-11-18 18:49:12.892000,,,misc,c598fed6-8185-4f61-aac4-f3d55a191b6e,TOPUP,APOLLO,49834a47-ddf1-4660-9def-9bea705f4855
236068,GBP,16000,COMPLETED,2017-11-13 11:26:39.262000,,,misc,8f4ec77a-01ac-42b2-b432-b35f1cb041ae,TOPUP,APOLLO,82d17355-7dc7-42ba-82fe-540f1b09e4d7
236349,GBP,3000,COMPLETED,2017-11-23 15:26:46.555000,,,misc,d256a5f4-94b3-4159-a34a-861411ab7f90,TOPUP,APOLLO,81d19f68-f687-4ac9-b11a-53b6d19ef677
236562,GBP,10000,FAILED,2017-11-23 19:55:34.437000,,,misc,9974013f-0ffa-44ec-a2b8-06333be1e5d3,TOPUP,APOLLO,2282a252-789a-45b9-a823-9d5726a2ccaf
236571,GBP,5000,FAILED,2017-11-23 20:03:46.480000,,,misc,9974013f-0ffa-44ec-a2b8-06333be1e5d3,TOPUP,APOLLO,778b24c3-db29-46c8-8fb5-62fcf40e8842
236572,GBP,10000,FAILED,2017-11-23 20:02:35.532000,,,misc,9974013f-0ffa-44ec-a2b8-06333be1e5d3,TOPUP,APOLLO,5dbdd086-e3e7-4ad6-8c00-0f8180879ae4
236579,GBP,2000,FAILED,2017-11-23 20:16:49.179000,,,misc,9974013f-0ffa-44ec-a2b8-06333be1e5d3,TOPUP,APOLLO,9241d914-0f6c-44bb-88ae-7dfb2ead8027
236581,GBP,5000,FAILED,2017-11-23 20:16:09.825000,,,misc,9974013f-0ffa-44ec-a2b8-06333be1e5d3,TOPUP,APOLLO,81a8b6a8-8072-4c24-9a31-e029332bb716
236935,GBP,5000,COMPLETED,2017-11-22 11:59:06.433000,,,misc,d256a5f4-94b3-4159-a34a-861411ab7f90,TOPUP,APOLLO,f2299bd3-4fcf-4e40-bb9f-10a587ab55ee
236991,GBP,1000,FAILED,2017-11-22 12:35:02.709000,,,misc,9974013f-0ffa-44ec-a2b8-06333be1e5d3,TOPUP,APOLLO,cad23aa8-cb11-4475-807f-2c17373bf0d9
237019,GBP,1000,COMPLETED,2017-11-22 12:58:10.045000,,,misc,9974013f-0ffa-44ec-a2b8-06333be1e5d3,TOPUP,APOLLO,dfcbc0f0-e2c8-4e9b-b91d-74712d9800b1
237377,GBP,11500,COMPLETED,2017-11-22 21:09:11.870000,,,misc,f5aa0f90-8476-49a4-9e54-ed98140292e0,TOPUP,APOLLO,fe7a6501-fdb4-4e7b-a089-06bc7fa8dc6c
238401,GBP,20000,COMPLETED,2017-11-26 09:24:31.594000,,,misc,77bb22ed-1131-40fb-98b1-ff111e6211ba,TOPUP,APOLLO,209c5711-ad49-4f49-a1d5-1df9b0fe474d
241781,GBP,3500,COMPLETED,2017-11-28 13:56:29.104000,,,misc,eb931ea9-bb44-4bf5-b544-48b814578b53,TOPUP,APOLLO,d78946bd-bd5e-4409-843e-cb8d4c87cd45
242056,GBP,1000,FAILED,2017-11-28 19:39:16.060000,,,misc,55fdcc93-8cc2-4d10-bd56-a5d1a63170ac,TOPUP,APOLLO,e04caf69-a5e9-41c0-b469-039128e84ba7
242078,GBP,1000,COMPLETED,2017-11-28 20:01:00.664000,,,misc,55fdcc93-8cc2-4d10-bd56-a5d1a63170ac,TOPUP,APOLLO,408e8707-df4b-4546-a85f-210c6a7d57b8
242192,GBP,30000,COMPLETED,2017-11-29 16:51:59.972000,,,misc,829a096c-4c7a-4ee9-b7cb-47456c5661e9,TOPUP,APOLLO,e00185fa-4dfc-4bd0-8200-78fe900c70f7
242432,GBP,10200,COMPLETED,2017-11-29 22:40:57.818000,,,misc,55fdcc93-8cc2-4d10-bd56-a5d1a63170ac,TOPUP,APOLLO,eb358d71-c367-43ca-ba08-aa4aa401844d
245042,EUR,5000,COMPLETED,2017-12-01 17:59:25.079000,,,misc,97508f7f-191c-4937-a546-cbc36f506a0d,TOPUP,APOLLO,d5ffd2e6-a94e-4ac5-b85c-679a21298f8b
246390,GBP,10000,COMPLETED,2017-12-04 17:07:42.506000,,,misc,41dddcc3-bea2-4a3c-9d99-3a04306fe569,TOPUP,APOLLO,5e263417-a76f-4b2a-90d8-6ac14c739f94
247702,GBP,20000,COMPLETED,2017-12-02 09:58:05.841000,,,misc,77bb22ed-1131-40fb-98b1-ff111e6211ba,TOPUP,APOLLO,a0b62e97-d197-4928-a969-57d167b5183f
248397,EUR,5000,COMPLETED,2017-12-06 13:54:29.765000,,,misc,97508f7f-191c-4937-a546-cbc36f506a0d,TOPUP,APOLLO,649b1b48-913f-4374-8c4e-59a2c7e479a4
249420,GBP,10000,COMPLETED,2017-12-05 17:54:18.685000,,,misc,d256a5f4-94b3-4159-a34a-861411ab7f90,TOPUP,APOLLO,786fed21-16b6-4353-8eb5-1858e2772a90
249690,GBP,1000,COMPLETED,2017-12-04 00:04:26.320000,,,misc,61458f1b-3782-45db-89c3-fa30d80b4b0c,TOPUP,APOLLO,1a488288-db92-4989-a2f8-30d88eb84a1a
249701,GBP,25000,FAILED,2017-12-04 02:27:21.559000,,,misc,61458f1b-3782-45db-89c3-fa30d80b4b0c,TOPUP,APOLLO,57f6c39b-a577-4c75-8b8c-8f12976e1f77
249702,EUR,25000,FAILED,2017-12-04 02:26:40.762000,,,misc,61458f1b-3782-45db-89c3-fa30d80b4b0c,TOPUP,APOLLO,7521253b-438f-489c-8925-f026388dbbc4
251252,CHF,5000,COMPLETED,2017-12-07 12:12:49.344000,,,misc,fe18bce9-1d36-48cb-a1b5-595747688c66,TOPUP,APOLLO,bb3a6617-6c2a-41aa-9ab8-9c5354c943fb
252997,EUR,5000,COMPLETED,2017-12-10 22:45:13.386000,,,misc,c92ada41-2c54-46a4-9749-f3a96bb0fd8c,TOPUP,APOLLO,8de64b98-dc53-4cd9-a4d4-e65d23cd9f87
253958,GBP,10000,COMPLETED,2017-11-30 01:05:13.211000,,,misc,77bb22ed-1131-40fb-98b1-ff111e6211ba,TOPUP,APOLLO,1f64c69a-e394-4fc3-8a6d-9b1c10a4db36
254397,GBP,20000,COMPLETED,2017-12-13 00:18:47.478000,,,misc,77bb22ed-1131-40fb-98b1-ff111e6211ba,TOPUP,APOLLO,fc26375b-e8a2-4235-8af3-047030f85d92
254747,EUR,11000,COMPLETED,2017-12-13 11:47:37.242000,,,misc,97508f7f-191c-4937-a546-cbc36f506a0d,TOPUP,APOLLO,9e3a413b-ecb0-4141-8d66-91c88ba1ab1a
256188,GBP,20000,FAILED,2017-12-14 16:20:53.112000,,,misc,94b4c974-ec8d-4603-9f9e-5fea1519fcb6,TOPUP,APOLLO,a0df0c4c-3f82-4119-9baf-506ba69e6df4
256206,GBP,20000,FAILED,2017-12-14 17:06:20.420000,,,misc,94b4c974-ec8d-4603-9f9e-5fea1519fcb6,TOPUP,APOLLO,c5e73dfb-22b8-4c62-a131-f62df7fa5006
257417,GBP,1500,COMPLETED,2017-12-15 00:55:47.113000,,,misc,c4b25c3a-85df-4f29-93a6-c64796f0ba3c,TOPUP,APOLLO,ee0b4711-a5e2-47f5-879a-f64efed60def
257902,GBP,40000,FAILED,2017-12-15 14:56:39.020000,,,misc,94b4c974-ec8d-4603-9f9e-5fea1519fcb6,TOPUP,APOLLO,d3c09edf-abdb-48ec-8f2a-1e9f04332add
258024,GBP,20000,COMPLETED,2017-12-17 08:58:11.540000,,,misc,77bb22ed-1131-40fb-98b1-ff111e6211ba,TOPUP,APOLLO,cd9d5cdc-ae35-49f0-a479-2d6983b06d85
258170,GBP,5000,COMPLETED,2017-12-17 13:27:24.664000,,,misc,e641ff3a-7838-405c-9456-1008aa03e66c,TOPUP,APOLLO,e1501dc7-5dc1-4a05-9ace-b7f745ac9026
258635,GBP,1000,COMPLETED,2017-12-17 23:06:33.852000,,,misc,d5db444e-7d4c-4241-bf20-fc07f17001b9,TOPUP,APOLLO,1f96ac31-55a0-47cd-b8ba-d886f6071c6b
258895,EUR,8500,COMPLETED,2017-12-11 10:59:55.735000,,,misc,97508f7f-191c-4937-a546-cbc36f506a0d,TOPUP,APOLLO,4cad5361-bde5-4e61-b2ff-faf13199001e
259851,GBP,30000,COMPLETED,2017-12-14 11:42:21.670000,,,misc,77bb22ed-1131-40fb-98b1-ff111e6211ba,TOPUP,APOLLO,605bada2-6eed-473d-8e52-b190fed6175e
263158,GBP,15000,FAILED,2017-12-21 13:41:09.478000,,,misc,55fdcc93-8cc2-4d10-bd56-a5d1a63170ac,TOPUP,APOLLO,e7d57f9e-6b15-4889-981b-907cc595385c
263218,GBP,9900,COMPLETED,2017-12-21 14:14:34.294000,,,misc,55fdcc93-8cc2-4d10-bd56-a5d1a63170ac,TOPUP,APOLLO,7b523264-ed00-4240-b945-56fb2b1c5925
264556,GBP,30000,COMPLETED,2017-12-18 01:13:56.103000,,,misc,77bb22ed-1131-40fb-98b1-ff111e6211ba,TOPUP,APOLLO,bb089142-1eed-4b4c-b249-749f3d9e9f10
265812,GBP,50000,COMPLETED,2017-12-19 09:10:53.118000,,,misc,77bb22ed-1131-40fb-98b1-ff111e6211ba,TOPUP,APOLLO,b74fe836-6866-440f-aa90-450f13e10f7b
266001,PLN,2000,COMPLETED,2017-12-25 08:48:57.411000,,,misc,4efeea7e-ca4f-4251-9c69-632af6a7f077,TOPUP,APOLLO,07adc1fa-dddb-4b66-aa84-4af5dbcb7188
266435,GBP,2000,COMPLETED,2017-12-22 06:06:42.993000,,,misc,c4b25c3a-85df-4f29-93a6-c64796f0ba3c,TOPUP,APOLLO,42a9ca2c-f220-45a6-829c-1cd44a9ea44c
267901,GBP,1000,COMPLETED,2017-12-23 11:48:34.382000,,,misc,c4b25c3a-85df-4f29-93a6-c64796f0ba3c,TOPUP,APOLLO,dbdf23eb-bda0-4e20-b249-d45a69f472dc
269684,GBP,1000,COMPLETED,2017-12-26 17:44:45.202000,,,misc,c598fed6-8185-4f61-aac4-f3d55a191b6e,TOPUP,APOLLO,04368706-d6bc-45fa-be48-54c975a66a97
270984,GBP,1000,COMPLETED,2017-12-27 16:24:47.266000,,,misc,55fdcc93-8cc2-4d10-bd56-a5d1a63170ac,TOPUP,APOLLO,68e834d9-23ce-4724-abc7-996d25e820ab
271197,GBP,1500,COMPLETED,2017-12-27 21:25:44.324000,,,misc,55fdcc93-8cc2-4d10-bd56-a5d1a63170ac,TOPUP,APOLLO,b9190ca4-2626-4c0f-8168-17d0c880a412
273366,GBP,2000,COMPLETED,2018-01-02 18:06:54.485000,,,misc,d5db444e-7d4c-4241-bf20-fc07f17001b9,TOPUP,APOLLO,30f3ec56-6acc-4eb1-a9c9-0dcd0147ff7b
273382,GBP,2000,COMPLETED,2018-01-02 19:19:22.217000,,,misc,c4b25c3a-85df-4f29-93a6-c64796f0ba3c,TOPUP,APOLLO,4a01e2cf-4d27-4c42-a975-a5b4fe9b7da2
275925,GBP,30000,COMPLETED,2018-01-05 14:10:58.580000,,,misc,d5db444e-7d4c-4241-bf20-fc07f17001b9,TOPUP,APOLLO,4b145f10-54fe-4417-8023-22ad61f90404
276005,GBP,3000,COMPLETED,2018-01-05 16:04:03.440000,,,misc,c4b25c3a-85df-4f29-93a6-c64796f0ba3c,TOPUP,APOLLO,d926a0dd-b7e3-472e-9420-bd1bf958e032
276391,GBP,3000,COMPLETED,2018-01-05 22:17:22.762000,,,misc,c4b25c3a-85df-4f29-93a6-c64796f0ba3c,TOPUP,APOLLO,51c5f080-87fb-4ec0-869c-d8310874a43d
276392,GBP,3000,COMPLETED,2018-01-05 22:17:06.562000,,,misc,c4b25c3a-85df-4f29-93a6-c64796f0ba3c,TOPUP,APOLLO,4c0d0016-2625-4e97-a80f-39238782e718
276799,PLN,5000,COMPLETED,2018-01-04 11:29:00.867000,,,misc,30e169aa-940f-4854-b7ef-36601cd58f5c,TOPUP,APOLLO,f7fa874c-7c07-4efb-935d-debd8632faec
277447,GBP,1000,COMPLETED,2018-01-04 21:01:27.320000,,,misc,b653802d-655b-49c8-a5e6-9693e65e0d4c,TOPUP,APOLLO,42323847-3b5d-49fc-8486-e54987c57737
278081,GBP,1000,COMPLETED,2018-01-07 21:36:08.611000,,,misc,d8b8ca3b-3665-4741-aff6-8457c30a4bb4,TOPUP,APOLLO,153f7a38-d5aa-473b-98d6-d1872d902713
278202,GBP,8500,COMPLETED,2017-12-29 10:43:49.332000,,,misc,55fdcc93-8cc2-4d10-bd56-a5d1a63170ac,TOPUP,APOLLO,4812c672-25b7-4627-82bc-a6373f1ad861
278414,GBP,10000,FAILED,2017-12-29 10:43:15.680000,,,misc,55fdcc93-8cc2-4d10-bd56-a5d1a63170ac,TOPUP,APOLLO,1e5bbea1-4505-4c28-9c70-272f78512d05
279402,GBP,3000,COMPLETED,2018-01-05 04:18:44.054000,,,misc,c4b25c3a-85df-4f29-93a6-c64796f0ba3c,TOPUP,APOLLO,fa278bd2-143f-428d-a447-09458c27ac36
279403,GBP,2000,COMPLETED,2018-01-05 04:18:24.501000,,,misc,c4b25c3a-85df-4f29-93a6-c64796f0ba3c,TOPUP,APOLLO,f5822456-03b3-43aa-905b-dd2d39695ace
279404,GBP,5000,FAILED,2018-01-05 04:17:47.561000,,,misc,c4b25c3a-85df-4f29-93a6-c64796f0ba3c,TOPUP,APOLLO,08600c6a-db87-4573-9d93-7f039a4f0c1d
279405,GBP,5000,FAILED,2018-01-05 04:16:58.990000,,,misc,c4b25c3a-85df-4f29-93a6-c64796f0ba3c,TOPUP,APOLLO,ee1af7b1-7436-4bca-9948-175adc2b673a
279672,GBP,1000,COMPLETED,2018-01-05 11:40:39.164000,,,misc,c4111737-c1af-49c2-b745-11fc0a75e835,TOPUP,APOLLO,1d1c1b21-7e12-4ae7-ab51-ef7418639f73
280194,EUR,15000,COMPLETED,2018-01-10 20:28:35.389000,,,misc,97508f7f-191c-4937-a546-cbc36f506a0d,TOPUP,APOLLO,ef40705d-8fcb-4fbe-a5bd-9ac9b47e1839
280202,GBP,1000,COMPLETED,2018-01-10 20:43:51.871000,,,misc,6d6289bd-d4d0-4634-ab4a-21d5c2a924cc,TOPUP,APOLLO,1e516902-a87b-4bbe-9657-21d50ba77b39
280205,GBP,1000,FAILED,2018-01-10 20:42:05.707000,,,misc,6d6289bd-d4d0-4634-ab4a-21d5c2a924cc,TOPUP,APOLLO,a34d0442-2e5f-46c6-9b4c-32bbb9ade697
281452,GBP,50000,COMPLETED,2018-01-07 06:08:39.701000,,,misc,77bb22ed-1131-40fb-98b1-ff111e6211ba,TOPUP,APOLLO,4bd3ed86-ca00-4cf5-8729-3d85654d6b48
281511,PLN,5000,COMPLETED,2018-01-07 09:00:04.860000,,,misc,2f0e78f5-ba88-4959-be44-e0f41a6d8ddc,TOPUP,APOLLO,84ac8721-25af-4dcf-ba20-175a8c0fcb7d
283315,PLN,40000,COMPLETED,2018-01-09 23:50:14.574000,,,misc,b611b0c8-824a-457d-8ebc-f2e1577dd8a5,TOPUP,APOLLO,ce08c514-c412-458d-901a-3d54dad2ba14
283339,PLN,3043,COMPLETED,2018-01-10 00:55:27.861000,,,misc,b611b0c8-824a-457d-8ebc-f2e1577dd8a5,TOPUP,APOLLO,d601a2d5-76c9-465e-8ae1-8692a28362d6
284703,GBP,3000,COMPLETED,2018-01-11 11:52:21.474000,,,misc,c4b25c3a-85df-4f29-93a6-c64796f0ba3c,TOPUP,APOLLO,d06490d8-da96-4c5e-ad75-7a4de5c1672e
284704,GBP,3000,COMPLETED,2018-01-11 11:52:05.087000,,,misc,c4b25c3a-85df-4f29-93a6-c64796f0ba3c,TOPUP,APOLLO,299ab827-228e-4a22-b31e-ac408a90d408
285291,GBP,1000,COMPLETED,2017-12-22 19:07:34.948000,,,misc,c598fed6-8185-4f61-aac4-f3d55a191b6e,TOPUP,APOLLO,8b7973c0-56cb-4433-86e8-89526a79bc32
288797,GBP,10000,COMPLETED,2018-01-21 12:58:17.207000,,,misc,55fdcc93-8cc2-4d10-bd56-a5d1a63170ac,TOPUP,APOLLO,d0e2202b-b6ed-4ec4-a71d-31de228384af
289304,GBP,1000,COMPLETED,2018-01-14 00:08:27.865000,,,misc,6d6289bd-d4d0-4634-ab4a-21d5c2a924cc,TOPUP,APOLLO,cb749d9f-9354-43c4-a30b-70dc2693e7af
289315,PLN,5000,COMPLETED,2018-01-14 00:01:40.533000,,,misc,55641b6a-d4ee-4f13-b024-bf592cceb4c7,TOPUP,APOLLO,c0340d04-23f6-4ba0-b270-8d9b5116f687
290376,GBP,21000,FAILED,2018-01-17 03:04:07.716000,,,misc,fb7636e4-e108-495e-b351-8ef153596d49,TOPUP,APOLLO,1a7b18c1-ddd8-4106-9a7f-9751812c93f2
290990,GBP,20000,FAILED,2018-01-17 16:01:24.027000,,,misc,fb7636e4-e108-495e-b351-8ef153596d49,TOPUP,APOLLO,862016ba-9853-4a44-b021-ca551de2d620
290997,GBP,20000,COMPLETED,2018-01-17 16:08:30.366000,,,misc,fb7636e4-e108-495e-b351-8ef153596d49,TOPUP,APOLLO,52d9297d-3994-4a8c-895a-adca0c069ce4
291268,PLN,6733,COMPLETED,2018-01-17 20:21:02.134000,,,misc,b611b0c8-824a-457d-8ebc-f2e1577dd8a5,TOPUP,APOLLO,fa0a24f9-b1cd-45e3-94bc-b84bd928c2dd
292718,GBP,4223,COMPLETED,2018-01-19 13:41:18.032000,,,misc,d5db444e-7d4c-4241-bf20-fc07f17001b9,TOPUP,APOLLO,8090923b-690f-40ce-944b-7cebe2416f40
293787,GBP,1000,COMPLETED,2018-01-25 15:32:35.580000,,,misc,c4b25c3a-85df-4f29-93a6-c64796f0ba3c,TOPUP,APOLLO,641adad9-7885-4e43-b0d7-b24e139b2f97
294015,PLN,15000,COMPLETED,2018-01-25 19:06:38.259000,,,misc,30e169aa-940f-4854-b7ef-36601cd58f5c,TOPUP,APOLLO,25242bf2-3256-4348-8be1-07a2fba1dc01
294517,GBP,1000,COMPLETED,2018-01-15 11:20:05.272000,,,misc,c4b25c3a-85df-4f29-93a6-c64796f0ba3c,TOPUP,APOLLO,2e19771f-27e6-4133-ad12-b02975fe41f8
295030,PLN,2000,COMPLETED,2018-01-15 20:00:47.439000,,,misc,55641b6a-d4ee-4f13-b024-bf592cceb4c7,TOPUP,APOLLO,374efad8-0f5e-4458-9ecc-f12ae5f3136f
295110,GBP,1000,FAILED,2018-01-15 21:31:55.053000,,,misc,906ab6cf-1f54-4c0c-ae28-2417109d3884,TOPUP,APOLLO,21e944cf-c4bd-4fdf-aa48-461efe29eec5
295132,GBP,6180,COMPLETED,2018-01-15 22:43:10.433000,,,misc,6d6289bd-d4d0-4634-ab4a-21d5c2a924cc,TOPUP,APOLLO,770de9ae-b3c1-4d14-a2c9-8b5c726abedb
295261,PLN,12000,COMPLETED,2018-01-18 21:31:52.266000,,,misc,4d79a283-66b7-4cb2-b5fa-1df3f3b01be5,TOPUP,APOLLO,dd67a39e-f8ab-4c98-9303-4c032da822bb
295766,GBP,15000,COMPLETED,2018-01-26 17:50:57.016000,,,misc,c4111737-c1af-49c2-b745-11fc0a75e835,TOPUP,APOLLO,74458555-1d8a-4f7f-bdde-3d62f9ac320f
297161,GBP,1000,COMPLETED,2018-01-25 00:00:07.398000,,,misc,b653802d-655b-49c8-a5e6-9693e65e0d4c,TOPUP,APOLLO,a8d24c15-8e03-450e-8639-e3562f2fd2d8
297562,GBP,38000,COMPLETED,2018-01-25 12:08:25.145000,,,misc,fb7636e4-e108-495e-b351-8ef153596d49,TOPUP,APOLLO,9b07b84f-2611-4079-88bc-9238a0f7fd0f
297818,GBP,1000,FAILED,2018-01-27 01:35:57.620000,,,misc,16aee2d9-7d04-4599-8fa3-52146ab10f72,TOPUP,APOLLO,bae8b2c4-84ef-49d3-babc-a26eacf14d76
298637,GBP,1000,COMPLETED,2018-01-27 18:35:38.155000,,,misc,ed65120b-8989-451f-b24e-a1ed839ee9d1,TOPUP,APOLLO,c8166ef7-dbc7-49fd-8671-278d039f729d
298823,GBP,2000,FAILED,2018-01-27 21:10:01.768000,,,misc,c4b25c3a-85df-4f29-93a6-c64796f0ba3c,TOPUP,APOLLO,9747281c-4c2c-4118-8da7-0aa536254ab0
298825,GBP,1490,COMPLETED,2018-01-27 21:09:43.740000,,,misc,c4b25c3a-85df-4f29-93a6-c64796f0ba3c,TOPUP,APOLLO,c8c57d70-eef4-4cf4-a1f4-1b9cc05b9488
299059,GBP,20000,COMPLETED,2018-01-26 06:58:23.734000,,,misc,c4111737-c1af-49c2-b745-11fc0a75e835,TOPUP,APOLLO,fed9d3de-c026-43fd-8ebe-67af8190bf35
